Overall_Pearson,Overall_Spearman,MSE,MAE
0.39208163832344234,0.13144864457990116,0.02713888959167544,0.11917908117806711
